,length_url,length_domain,ip_address,number_of_hyphens,number_of_dots,number_of_dollar_sign,length_path
0,180.0,15.0,0.0,5.0,3.0,0.0,1.0
1,35.0,20.0,0.0,4.0,4.0,0.0,1.0
2,23.0,12.0,0.0,3.0,1.0,0.0,189.0
3,68.0,20.0,0.0,6.0,2.0,0.0,19.0
4,91.0,12.0,0.0,8.0,2.0,0.0,57.0
5,23.0,16.0,0.0,3.0,1.0,0.0,13.0
6,37.0,36.0,0.0,3.0,2.0,0.0,21.0
7,40.0,21.0,0.0,3.0,3.0,0.0,103.0
8,86.0,25.0,0.0,4.0,1.0,0.0,38.0
9,127.0,9.0,0.0,8.0,3.0,0.0,21.0
10,24.0,22.0,0.0,3.0,1.0,0.0,12.0
11,47.0,22.0,0.0,5.0,2.0,0.0,25.0
12,22.0,52.0,0.0,3.0,1.0,0.0,21.0
13,65.0,18.0,0.0,3.0,4.0,0.0,35.0
14,63.0,11.0,0.0,3.0,2.0,0.0,1.0
15,125.0,14.0,0.0,4.0,2.0,0.0,110.0
16,30.0,13.0,0.0,3.0,2.0,0.0,1.0
17,289.0,11.0,0.0,4.0,1.0,0.0,28.0
18,64.0,24.0,0.0,5.0,1.0,0.0,25.0
19,39.0,21.0,0.0,5.0,2.0,0.0,57.0
20,54.0,15.0,0.0,6.0,2.0,0.0,8.0
21,69.0,12.0,0.0,4.0,2.0,0.0,44.0
22,33.0,16.0,0.0,5.0,2.0,0.0,29.0
23,51.0,19.0,0.0,5.0,1.0,0.0,8.0
24,38.0,13.0,0.0,3.0,1.0,0.0,28.0
25,61.0,17.0,0.0,5.0,1.0,0.0,38.0
26,253.0,16.0,0.0,8.0,2.0,1.0,10.0
27,60.0,22.0,0.0,3.0,3.0,0.0,44.0
28,26.0,20.0,0.0,3.0,1.0,0.0,1.0
29,58.0,12.0,0.0,6.0,3.0,0.0,18.0
30,63.0,25.0,0.0,5.0,1.0,0.0,11.0
31,71.0,31.0,0.0,5.0,2.0,0.0,23.0
32,213.0,58.0,0.0,7.0,11.0,0.0,120.0
33,63.0,17.0,0.0,3.0,2.0,0.0,1.0
34,62.0,16.0,0.0,6.0,3.0,0.0,36.0
35,299.0,29.0,0.0,7.0,15.0,0.0,7.0
36,28.0,24.0,0.0,3.0,2.0,0.0,108.0
37,38.0,15.0,0.0,4.0,2.0,0.0,124.0
38,32.0,11.0,0.0,4.0,2.0,0.0,14.0
39,80.0,21.0,0.0,5.0,1.0,0.0,1.0
40,30.0,18.0,0.0,3.0,1.0,0.0,17.0
41,53.0,22.0,0.0,4.0,2.0,0.0,1.0
42,37.0,24.0,0.0,5.0,2.0,0.0,1.0
43,30.0,15.0,0.0,2.0,3.0,0.0,35.0
44,37.0,27.0,0.0,3.0,3.0,0.0,21.0
45,44.0,19.0,0.0,5.0,2.0,0.0,49.0
46,44.0,16.0,0.0,4.0,1.0,0.0,35.0
47,115.0,10.0,0.0,8.0,3.0,0.0,16.0
48,49.0,41.0,0.0,4.0,2.0,0.0,1.0
49,30.0,12.0,0.0,4.0,3.0,0.0,10.0
50,62.0,34.0,0.0,3.0,3.0,0.0,21.0
51,24.0,24.0,0.0,3.0,2.0,0.0,45.0
52,67.0,21.0,0.0,3.0,3.0,0.0,20.0
53,55.0,23.0,0.0,5.0,2.0,0.0,32.0
54,114.0,17.0,0.0,3.0,5.0,0.0,17.0
55,56.0,12.0,0.0,4.0,2.0,0.0,13.0
56,24.0,18.0,0.0,3.0,1.0,0.0,58.0
57,42.0,14.0,0.0,5.0,1.0,0.0,1.0
58,324.0,11.0,0.0,6.0,3.0,0.0,40.0
59,17.0,16.0,0.0,2.0,1.0,0.0,32.0
60,49.0,12.0,0.0,3.0,2.0,0.0,29.0
61,22.0,14.0,0.0,3.0,2.0,0.0,68.0
62,35.0,28.0,0.0,3.0,1.0,0.0,1.0
63,113.0,19.0,0.0,7.0,3.0,0.0,22.0
64,105.0,23.0,0.0,5.0,8.0,0.0,30.0
65,56.0,17.0,0.0,5.0,2.0,0.0,66.0
66,36.0,23.0,0.0,4.0,2.0,0.0,28.0
67,195.0,18.0,0.0,8.0,6.0,0.0,16.0
68,70.0,22.0,0.0,3.0,3.0,0.0,1.0
69,66.0,23.0,0.0,4.0,2.0,0.0,37.0
70,285.0,6.0,0.0,11.0,4.0,0.0,7.0
71,43.0,7.0,0.0,3.0,3.0,0.0,1.0
72,53.0,28.0,0.0,4.0,2.0,0.0,1.0
73,24.0,30.0,0.0,2.0,2.0,0.0,30.0
74,101.0,13.0,1.0,5.0,6.0,0.0,120.0
75,35.0,13.0,0.0,3.0,1.0,0.0,3.0
76,20.0,17.0,0.0,3.0,1.0,0.0,17.0
77,36.0,10.0,0.0,4.0,2.0,0.0,5.0
78,202.0,33.0,0.0,8.0,12.0,0.0,14.0
79,108.0,28.0,0.0,6.0,6.0,0.0,7.0
80,32.0,41.0,0.0,3.0,2.0,0.0,1.0
81,181.0,10.0,0.0,12.0,2.0,0.0,1.0
82,25.0,12.0,0.0,3.0,1.0,0.0,58.0
83,64.0,29.0,0.0,7.0,2.0,0.0,1.0
84,33.0,7.0,0.0,2.0,2.0,0.0,1.0
85,208.0,22.0,0.0,9.0,12.0,0.0,30.0
86,38.0,21.0,0.0,3.0,3.0,0.0,21.0
87,131.0,13.0,0.0,5.0,2.0,0.0,2.0
88,37.0,32.0,0.0,3.0,2.0,0.0,1.0
89,19.0,15.0,0.0,3.0,1.0,0.0,27.0
90,41.0,25.0,0.0,4.0,3.0,0.0,12.0
91,64.0,21.0,0.0,5.0,1.0,0.0,37.0
92,27.0,20.0,0.0,3.0,2.0,0.0,19.0
93,216.0,17.0,0.0,5.0,3.0,0.0,1.0
94,61.0,21.0,0.0,5.0,1.0,0.0,11.0
95,115.0,14.0,0.0,8.0,3.0,0.0,49.0
96,64.0,17.0,0.0,5.0,3.0,0.0,16.0
97,79.0,30.0,0.0,10.0,3.0,0.0,10.0
98,67.0,19.0,0.0,3.0,2.0,0.0,1.0
99,34.0,21.0,0.0,5.0,2.0,0.0,72.0
100,39.0,13.0,0.0,4.0,2.0,0.0,17.0
101,52.0,22.0,0.0,6.0,1.0,0.0,4.0
102,91.0,21.0,0.0,7.0,2.0,0.0,4.0
103,71.0,28.0,0.0,3.0,2.0,0.0,1.0
104,66.0,14.0,0.0,8.0,3.0,0.0,40.0
105,55.0,24.0,0.0,5.0,1.0,0.0,1.0
106,55.0,20.0,0.0,5.0,3.0,0.0,37.0
107,195.0,11.0,0.0,3.0,2.0,0.0,37.0
108,32.0,18.0,0.0,3.0,3.0,0.0,1.0
109,48.0,20.0,0.0,4.0,2.0,0.0,28.0
110,223.0,12.0,0.0,3.0,3.0,0.0,14.0
111,48.0,22.0,0.0,4.0,3.0,0.0,1.0
112,47.0,30.0,0.0,5.0,1.0,0.0,22.0
113,40.0,24.0,0.0,3.0,2.0,0.0,47.0
114,34.0,20.0,0.0,4.0,2.0,0.0,96.0
115,48.0,19.0,0.0,5.0,2.0,0.0,16.0
116,89.0,17.0,0.0,8.0,5.0,0.0,25.0
117,150.0,11.0,0.0,9.0,9.0,0.0,17.0
118,85.0,13.0,0.0,5.0,2.0,0.0,41.0
119,28.0,13.0,0.0,3.0,3.0,0.0,42.0
120,26.0,14.0,0.0,3.0,2.0,0.0,5.0
121,55.0,42.0,0.0,4.0,1.0,0.0,21.0
122,46.0,22.0,0.0,4.0,1.0,0.0,30.0
123,40.0,18.0,0.0,4.0,1.0,0.0,1.0
124,36.0,28.0,0.0,4.0,1.0,0.0,39.0
125,71.0,21.0,0.0,4.0,1.0,0.0,22.0
126,36.0,18.0,0.0,4.0,2.0,0.0,26.0
127,43.0,9.0,0.0,4.0,1.0,0.0,7.0
128,58.0,43.0,0.0,4.0,1.0,0.0,21.0
129,14.0,25.0,0.0,3.0,1.0,0.0,34.0
130,23.0,21.0,0.0,3.0,2.0,0.0,6.0
131,19.0,12.0,0.0,4.0,2.0,0.0,46.0
132,44.0,21.0,0.0,5.0,2.0,0.0,13.0
133,40.0,21.0,0.0,5.0,3.0,0.0,54.0
134,59.0,13.0,1.0,4.0,3.0,0.0,9.0
135,44.0,29.0,0.0,4.0,2.0,0.0,51.0
136,28.0,22.0,0.0,4.0,2.0,0.0,13.0
137,63.0,36.0,0.0,3.0,2.0,0.0,50.0
138,64.0,18.0,0.0,5.0,1.0,0.0,70.0
139,34.0,20.0,0.0,3.0,1.0,0.0,8.0
140,108.0,23.0,0.0,10.0,2.0,0.0,40.0
141,49.0,23.0,0.0,5.0,2.0,0.0,10.0
142,118.0,33.0,0.0,6.0,6.0,0.0,15.0
143,27.0,26.0,0.0,3.0,2.0,0.0,24.0
144,65.0,18.0,0.0,5.0,3.0,0.0,19.0
145,32.0,13.0,1.0,4.0,2.0,0.0,20.0
146,52.0,19.0,0.0,5.0,4.0,0.0,3.0
147,65.0,13.0,0.0,4.0,1.0,0.0,7.0
148,27.0,25.0,0.0,3.0,2.0,0.0,1.0
149,17.0,14.0,0.0,3.0,1.0,0.0,17.0
150,44.0,20.0,0.0,4.0,1.0,0.0,3.0
151,51.0,20.0,0.0,4.0,2.0,0.0,11.0
152,90.0,33.0,0.0,9.0,1.0,0.0,10.0
153,77.0,37.0,0.0,8.0,2.0,0.0,21.0
154,63.0,9.0,0.0,3.0,2.0,0.0,8.0
155,105.0,19.0,0.0,5.0,8.0,0.0,7.0
156,53.0,14.0,0.0,7.0,2.0,0.0,30.0
157,101.0,15.0,0.0,5.0,4.0,0.0,36.0
158,71.0,12.0,0.0,8.0,1.0,0.0,1.0
159,38.0,19.0,0.0,3.0,3.0,0.0,5.0
160,65.0,18.0,0.0,5.0,1.0,0.0,1.0
161,137.0,10.0,0.0,9.0,8.0,0.0,31.0
162,69.0,28.0,0.0,5.0,2.0,0.0,16.0
163,50.0,32.0,0.0,4.0,1.0,0.0,12.0
164,22.0,20.0,0.0,3.0,3.0,0.0,32.0
165,31.0,17.0,0.0,3.0,3.0,0.0,23.0
166,30.0,13.0,1.0,3.0,3.0,0.0,9.0
167,46.0,14.0,0.0,5.0,1.0,0.0,29.0
168,16.0,19.0,0.0,2.0,1.0,0.0,21.0
169,63.0,17.0,0.0,4.0,4.0,0.0,1.0
170,63.0,23.0,0.0,5.0,2.0,0.0,1.0
171,47.0,12.0,0.0,4.0,2.0,0.0,24.0
172,85.0,36.0,0.0,6.0,1.0,0.0,46.0
173,187.0,12.0,0.0,8.0,5.0,0.0,38.0
174,69.0,14.0,0.0,4.0,1.0,0.0,31.0
175,54.0,14.0,1.0,5.0,2.0,0.0,25.0
176,161.0,11.0,0.0,3.0,2.0,0.0,1.0
177,60.0,22.0,0.0,4.0,2.0,0.0,11.0
178,43.0,18.0,0.0,3.0,3.0,0.0,1.0
179,54.0,22.0,0.0,4.0,3.0,0.0,14.0
180,229.0,15.0,0.0,3.0,5.0,0.0,25.0
181,79.0,17.0,0.0,6.0,3.0,0.0,17.0
182,85.0,28.0,0.0,5.0,3.0,0.0,30.0
183,31.0,16.0,0.0,3.0,2.0,0.0,32.0
184,82.0,20.0,0.0,5.0,5.0,0.0,31.0
185,35.0,34.0,0.0,3.0,2.0,0.0,21.0
186,17.0,24.0,0.0,3.0,1.0,0.0,36.0
187,251.0,25.0,0.0,13.0,10.0,0.0,131.0
188,27.0,14.0,0.0,5.0,1.0,0.0,38.0
189,26.0,14.0,0.0,3.0,1.0,0.0,34.0
190,56.0,14.0,0.0,6.0,2.0,0.0,20.0
191,37.0,11.0,0.0,3.0,2.0,0.0,10.0
192,51.0,26.0,0.0,6.0,2.0,0.0,22.0
193,38.0,9.0,0.0,3.0,3.0,0.0,6.0
194,80.0,16.0,0.0,3.0,3.0,0.0,43.0
195,228.0,13.0,0.0,3.0,3.0,0.0,9.0
196,79.0,20.0,0.0,8.0,1.0,0.0,8.0
197,64.0,23.0,0.0,5.0,3.0,0.0,14.0
198,71.0,22.0,0.0,3.0,1.0,0.0,30.0
199,66.0,43.0,0.0,5.0,3.0,0.0,21.0
200,31.0,14.0,0.0,3.0,2.0,0.0,14.0
201,35.0,23.0,0.0,4.0,2.0,0.0,24.0
202,54.0,26.0,0.0,6.0,1.0,0.0,28.0
203,47.0,21.0,0.0,6.0,1.0,0.0,20.0
204,38.0,12.0,0.0,3.0,3.0,0.0,18.0
205,34.0,25.0,0.0,3.0,1.0,0.0,30.0
206,44.0,20.0,0.0,3.0,1.0,0.0,15.0
207,30.0,12.0,0.0,4.0,2.0,0.0,5.0
208,40.0,23.0,0.0,4.0,2.0,0.0,25.0
209,56.0,15.0,0.0,3.0,1.0,0.0,148.0
210,100.0,17.0,0.0,8.0,3.0,0.0,36.0
211,108.0,12.0,0.0,5.0,8.0,0.0,190.0
212,87.0,33.0,0.0,5.0,9.0,0.0,33.0
213,25.0,24.0,0.0,3.0,3.0,0.0,1.0
214,292.0,43.0,0.0,6.0,16.0,0.0,21.0
215,25.0,26.0,0.0,2.0,2.0,0.0,30.0
216,46.0,16.0,0.0,5.0,3.0,0.0,5.0
217,25.0,14.0,0.0,4.0,1.0,0.0,14.0
218,41.0,18.0,0.0,5.0,2.0,0.0,27.0
219,69.0,12.0,0.0,5.0,4.0,0.0,27.0
220,44.0,24.0,0.0,3.0,2.0,0.0,26.0
221,136.0,22.0,0.0,9.0,6.0,0.0,1.0
222,72.0,31.0,0.0,7.0,2.0,0.0,21.0
223,49.0,24.0,0.0,4.0,3.0,0.0,19.0
224,23.0,25.0,0.0,4.0,1.0,0.0,65.0
225,208.0,25.0,0.0,9.0,12.0,0.0,15.0
226,216.0,27.0,0.0,3.0,2.0,0.0,8.0
227,36.0,26.0,0.0,4.0,2.0,0.0,41.0
228,44.0,9.0,0.0,5.0,1.0,0.0,26.0
229,58.0,11.0,0.0,6.0,2.0,0.0,34.0
230,30.0,18.0,0.0,3.0,2.0,0.0,1.0
231,260.0,18.0,0.0,5.0,4.0,0.0,1.0
232,84.0,103.0,0.0,7.0,2.0,0.0,25.0
233,71.0,19.0,0.0,4.0,3.0,0.0,27.0
234,93.0,15.0,0.0,4.0,2.0,0.0,43.0
235,125.0,10.0,0.0,9.0,5.0,0.0,25.0
236,70.0,117.0,0.0,3.0,2.0,0.0,30.0
237,67.0,11.0,0.0,3.0,2.0,0.0,1.0
238,48.0,19.0,0.0,6.0,1.0,0.0,43.0
239,28.0,12.0,0.0,3.0,2.0,0.0,189.0
240,54.0,12.0,0.0,5.0,1.0,0.0,1.0
241,80.0,25.0,0.0,10.0,2.0,0.0,1.0
242,36.0,20.0,0.0,4.0,2.0,0.0,0.0
243,56.0,19.0,0.0,3.0,3.0,0.0,21.0
244,62.0,13.0,0.0,4.0,1.0,0.0,67.0
245,56.0,16.0,0.0,6.0,2.0,0.0,100.0
246,30.0,7.0,0.0,4.0,1.0,0.0,7.0
247,43.0,14.0,0.0,3.0,3.0,0.0,52.0
248,49.0,23.0,0.0,3.0,2.0,0.0,52.0
249,157.0,16.0,0.0,8.0,3.0,0.0,1.0
250,75.0,19.0,0.0,4.0,2.0,0.0,30.0
251,73.0,28.0,0.0,6.0,2.0,0.0,1.0
252,63.0,15.0,0.0,8.0,1.0,0.0,14.0
253,31.0,47.0,0.0,3.0,3.0,0.0,21.0
254,41.0,13.0,0.0,4.0,1.0,0.0,29.0
255,61.0,12.0,1.0,5.0,3.0,0.0,136.0
256,47.0,6.0,0.0,5.0,2.0,0.0,5.0
257,31.0,36.0,0.0,3.0,1.0,0.0,21.0
258,29.0,14.0,0.0,4.0,2.0,0.0,32.0
259,59.0,11.0,0.0,3.0,3.0,0.0,14.0
260,114.0,32.0,0.0,3.0,3.0,0.0,17.0
261,38.0,17.0,0.0,4.0,1.0,0.0,82.0
262,106.0,6.0,0.0,5.0,2.0,0.0,9.0
263,141.0,11.0,0.0,8.0,4.0,0.0,16.0
264,87.0,14.0,0.0,4.0,2.0,0.0,1.0
265,23.0,20.0,0.0,3.0,1.0,0.0,11.0
266,36.0,15.0,0.0,4.0,1.0,0.0,35.0
267,62.0,13.0,0.0,3.0,3.0,0.0,7.0
268,76.0,20.0,0.0,4.0,2.0,0.0,183.0
269,241.0,19.0,0.0,6.0,4.0,0.0,19.0
270,44.0,16.0,0.0,7.0,2.0,0.0,22.0
271,20.0,28.0,0.0,3.0,3.0,0.0,38.0
272,59.0,30.0,0.0,4.0,8.0,0.0,11.0
273,78.0,20.0,0.0,4.0,1.0,0.0,57.0
274,80.0,29.0,0.0,8.0,1.0,0.0,1.0
275,55.0,17.0,0.0,6.0,3.0,0.0,12.0
276,47.0,15.0,0.0,5.0,2.0,0.0,39.0
277,28.0,13.0,0.0,4.0,1.0,0.0,10.0
278,89.0,15.0,0.0,6.0,4.0,0.0,37.0
279,84.0,16.0,0.0,5.0,3.0,0.0,60.0
280,70.0,16.0,0.0,5.0,2.0,0.0,30.0
281,77.0,9.0,0.0,4.0,3.0,0.0,0.0
282,33.0,24.0,0.0,3.0,3.0,0.0,39.0
283,244.0,79.0,0.0,6.0,7.0,0.0,28.0
284,71.0,17.0,0.0,7.0,3.0,0.0,19.0
285,40.0,6.0,0.0,3.0,3.0,0.0,5.0
286,38.0,12.0,0.0,3.0,1.0,0.0,6.0
287,25.0,30.0,0.0,3.0,3.0,0.0,7.0
288,49.0,16.0,0.0,5.0,2.0,0.0,102.0
289,48.0,10.0,0.0,4.0,2.0,0.0,33.0
290,46.0,6.0,0.0,6.0,1.0,0.0,7.0
291,55.0,17.0,0.0,6.0,2.0,0.0,14.0
292,70.0,7.0,0.0,4.0,3.0,0.0,20.0
293,44.0,8.0,0.0,5.0,2.0,0.0,8.0
294,34.0,15.0,0.0,2.0,1.0,0.0,7.0
295,57.0,11.0,0.0,6.0,2.0,0.0,32.0
296,27.0,16.0,0.0,4.0,1.0,0.0,101.0
297,39.0,22.0,0.0,4.0,1.0,0.0,6.0
298,28.0,20.0,0.0,3.0,2.0,0.0,18.0
299,76.0,20.0,0.0,4.0,3.0,0.0,52.0
300,78.0,11.0,0.0,8.0,1.0,0.0,1.0
301,21.0,14.0,0.0,3.0,1.0,0.0,24.0
302,61.0,38.0,0.0,3.0,3.0,0.0,55.0
303,38.0,18.0,0.0,4.0,2.0,0.0,47.0
304,44.0,12.0,0.0,5.0,2.0,0.0,188.0
305,51.0,24.0,0.0,4.0,4.0,0.0,1.0
306,44.0,21.0,0.0,4.0,1.0,0.0,1.0
307,43.0,15.0,0.0,4.0,2.0,0.0,184.0
308,41.0,14.0,1.0,4.0,2.0,0.0,9.0
309,76.0,13.0,1.0,7.0,3.0,0.0,9.0
310,114.0,21.0,0.0,8.0,2.0,0.0,1.0
311,28.0,10.0,0.0,4.0,1.0,0.0,18.0
312,52.0,14.0,0.0,5.0,2.0,0.0,0.0
313,118.0,19.0,0.0,6.0,2.0,0.0,12.0
314,44.0,11.0,0.0,5.0,2.0,0.0,22.0
315,134.0,14.0,0.0,9.0,6.0,0.0,70.0
316,62.0,21.0,0.0,5.0,1.0,0.0,56.0
317,98.0,9.0,0.0,4.0,1.0,0.0,53.0
318,53.0,21.0,0.0,6.0,2.0,0.0,8.0
319,48.0,13.0,1.0,5.0,2.0,0.0,9.0
320,153.0,11.0,0.0,6.0,1.0,0.0,51.0
321,56.0,30.0,0.0,4.0,1.0,0.0,0.0
322,21.0,12.0,0.0,3.0,1.0,0.0,33.0
323,117.0,26.0,0.0,5.0,2.0,0.0,1.0
324,86.0,24.0,0.0,9.0,1.0,0.0,21.0
325,56.0,10.0,0.0,7.0,2.0,0.0,54.0
326,32.0,13.0,0.0,3.0,2.0,0.0,13.0
327,19.0,29.0,0.0,4.0,2.0,0.0,24.0
328,28.0,23.0,0.0,3.0,1.0,0.0,9.0
329,50.0,30.0,0.0,3.0,2.0,0.0,1.0
330,77.0,14.0,0.0,11.0,2.0,0.0,30.0
331,26.0,19.0,0.0,4.0,2.0,0.0,36.0
332,61.0,12.0,1.0,5.0,1.0,0.0,22.0
333,48.0,19.0,0.0,5.0,2.0,0.0,46.0
334,54.0,15.0,0.0,6.0,2.0,0.0,43.0
335,20.0,12.0,0.0,3.0,1.0,0.0,17.0
336,59.0,32.0,0.0,5.0,3.0,0.0,38.0
337,40.0,16.0,0.0,5.0,1.0,0.0,52.0
338,68.0,22.0,0.0,8.0,1.0,0.0,25.0
339,82.0,117.0,0.0,3.0,2.0,0.0,30.0
340,34.0,12.0,0.0,2.0,2.0,0.0,21.0
341,65.0,16.0,0.0,4.0,2.0,0.0,12.0
342,27.0,20.0,0.0,4.0,1.0,0.0,184.0
343,115.0,10.0,0.0,5.0,3.0,0.0,36.0
344,26.0,16.0,0.0,3.0,1.0,0.0,1.0
345,75.0,6.0,0.0,3.0,2.0,0.0,5.0
346,27.0,18.0,0.0,4.0,2.0,0.0,10.0
347,46.0,9.0,0.0,4.0,1.0,0.0,1.0
348,51.0,36.0,0.0,5.0,1.0,0.0,21.0
349,38.0,13.0,0.0,4.0,2.0,0.0,25.0
350,45.0,9.0,0.0,3.0,2.0,0.0,1.0
351,35.0,15.0,0.0,4.0,1.0,0.0,8.0
352,49.0,13.0,0.0,5.0,2.0,0.0,2.0
353,147.0,14.0,0.0,17.0,1.0,0.0,32.0
354,65.0,16.0,0.0,8.0,2.0,0.0,19.0
355,114.0,28.0,0.0,3.0,5.0,0.0,30.0
356,30.0,20.0,0.0,4.0,2.0,0.0,1.0
357,79.0,13.0,0.0,4.0,1.0,0.0,1.0
358,59.0,13.0,0.0,8.0,3.0,0.0,0.0
359,35.0,25.0,0.0,3.0,2.0,0.0,6.0
360,108.0,20.0,0.0,7.0,3.0,0.0,1.0
361,29.0,18.0,0.0,3.0,1.0,0.0,9.0
362,145.0,15.0,0.0,3.0,1.0,0.0,36.0
363,20.0,8.0,0.0,3.0,1.0,0.0,12.0
364,23.0,20.0,0.0,3.0,1.0,0.0,15.0
365,124.0,13.0,0.0,11.0,1.0,0.0,12.0
366,34.0,14.0,0.0,4.0,1.0,0.0,47.0
367,22.0,24.0,0.0,3.0,1.0,0.0,53.0
368,55.0,34.0,0.0,5.0,2.0,0.0,28.0
369,67.0,27.0,0.0,5.0,2.0,0.0,10.0
370,152.0,24.0,0.0,3.0,3.0,0.0,16.0
371,37.0,22.0,0.0,3.0,3.0,0.0,27.0
372,54.0,15.0,0.0,4.0,4.0,0.0,27.0
373,72.0,11.0,0.0,4.0,3.0,0.0,6.0
374,20.0,15.0,0.0,3.0,2.0,0.0,39.0
375,147.0,23.0,0.0,4.0,3.0,0.0,3.0
376,32.0,11.0,0.0,4.0,1.0,0.0,5.0
377,23.0,27.0,0.0,3.0,3.0,0.0,30.0
378,61.0,17.0,0.0,4.0,2.0,0.0,33.0
379,99.0,28.0,0.0,10.0,1.0,0.0,21.0
380,65.0,28.0,0.0,7.0,2.0,0.0,81.0
381,29.0,18.0,0.0,4.0,2.0,0.0,1.0
382,83.0,28.0,0.0,9.0,3.0,0.0,10.0
383,17.0,22.0,0.0,3.0,1.0,0.0,4.0
384,55.0,16.0,0.0,5.0,2.0,0.0,110.0
385,111.0,12.0,0.0,3.0,9.0,0.0,53.0
386,27.0,14.0,0.0,3.0,3.0,0.0,29.0
387,241.0,16.0,0.0,3.0,2.0,0.0,39.0
388,212.0,18.0,0.0,8.0,12.0,0.0,51.0
389,95.0,39.0,0.0,5.0,2.0,0.0,0.0
390,31.0,14.0,1.0,5.0,2.0,0.0,29.0
391,27.0,25.0,0.0,3.0,2.0,0.0,1.0
392,47.0,17.0,0.0,5.0,1.0,0.0,49.0
393,37.0,12.0,0.0,4.0,1.0,0.0,5.0
394,83.0,12.0,0.0,5.0,4.0,0.0,85.0
395,85.0,17.0,0.0,8.0,2.0,0.0,1.0
396,67.0,20.0,0.0,4.0,2.0,0.0,184.0
397,168.0,42.0,0.0,7.0,4.0,0.0,21.0
398,391.0,23.0,0.0,6.0,1.0,0.0,12.0
399,67.0,20.0,0.0,8.0,4.0,0.0,10.0
400,24.0,23.0,0.0,4.0,1.0,0.0,62.0
401,57.0,8.0,0.0,4.0,1.0,0.0,7.0
402,259.0,17.0,0.0,6.0,5.0,0.0,45.0
403,27.0,12.0,0.0,3.0,2.0,0.0,6.0
404,62.0,21.0,0.0,5.0,1.0,0.0,1.0
405,109.0,12.0,0.0,4.0,3.0,0.0,5.0
406,35.0,18.0,0.0,4.0,2.0,0.0,48.0
407,515.0,19.0,0.0,3.0,3.0,0.0,10.0
408,97.0,10.0,0.0,7.0,3.0,0.0,0.0
409,32.0,13.0,0.0,4.0,3.0,0.0,31.0
410,75.0,27.0,0.0,4.0,2.0,0.0,11.0
411,38.0,20.0,0.0,4.0,1.0,0.0,57.0
412,61.0,42.0,0.0,4.0,2.0,0.0,21.0
413,65.0,11.0,0.0,7.0,1.0,0.0,36.0
414,32.0,9.0,0.0,3.0,2.0,0.0,1.0
415,64.0,10.0,0.0,6.0,1.0,0.0,17.0
416,38.0,13.0,0.0,3.0,3.0,0.0,34.0
417,37.0,20.0,0.0,3.0,2.0,0.0,30.0
418,36.0,37.0,0.0,5.0,1.0,0.0,30.0
419,119.0,18.0,0.0,6.0,3.0,0.0,28.0
420,168.0,13.0,0.0,7.0,8.0,0.0,42.0
421,32.0,19.0,0.0,4.0,1.0,0.0,14.0
422,46.0,19.0,0.0,5.0,1.0,0.0,9.0
423,56.0,18.0,0.0,4.0,1.0,0.0,23.0
424,66.0,20.0,0.0,5.0,2.0,0.0,61.0
425,83.0,16.0,0.0,5.0,2.0,0.0,35.0
426,59.0,26.0,0.0,7.0,2.0,0.0,1.0
427,101.0,18.0,0.0,3.0,3.0,0.0,11.0
428,58.0,15.0,0.0,5.0,2.0,0.0,1.0
429,187.0,22.0,0.0,8.0,5.0,0.0,21.0
430,71.0,18.0,0.0,5.0,2.0,0.0,15.0
431,51.0,18.0,0.0,3.0,3.0,0.0,1.0
432,21.0,11.0,1.0,2.0,1.0,0.0,6.0
433,46.0,27.0,0.0,3.0,3.0,0.0,7.0
434,22.0,18.0,0.0,3.0,2.0,0.0,52.0
435,515.0,17.0,0.0,3.0,3.0,0.0,17.0
436,54.0,12.0,0.0,3.0,4.0,0.0,53.0
437,40.0,73.0,0.0,6.0,1.0,0.0,0.0
438,61.0,28.0,0.0,5.0,2.0,0.0,70.0
439,76.0,18.0,0.0,8.0,2.0,0.0,1.0
440,277.0,20.0,0.0,5.0,6.0,0.0,26.0
441,30.0,18.0,0.0,4.0,1.0,0.0,14.0
442,18.0,15.0,0.0,3.0,1.0,0.0,48.0
443,47.0,23.0,0.0,6.0,2.0,0.0,12.0
444,95.0,36.0,0.0,9.0,3.0,0.0,21.0
445,69.0,22.0,0.0,6.0,1.0,0.0,30.0
446,105.0,29.0,0.0,5.0,8.0,0.0,3.0
447,108.0,21.0,0.0,6.0,6.0,0.0,26.0
448,28.0,18.0,0.0,3.0,1.0,0.0,21.0
449,133.0,15.0,0.0,9.0,6.0,0.0,52.0
450,38.0,13.0,0.0,4.0,1.0,0.0,24.0
451,34.0,27.0,0.0,3.0,3.0,0.0,0.0
452,51.0,16.0,0.0,5.0,2.0,0.0,1.0
453,35.0,16.0,0.0,3.0,1.0,0.0,1.0
454,37.0,10.0,0.0,3.0,1.0,0.0,1.0
455,62.0,23.0,0.0,5.0,2.0,0.0,9.0
456,41.0,32.0,0.0,5.0,2.0,0.0,1.0
457,156.0,29.0,0.0,7.0,2.0,0.0,34.0
458,42.0,21.0,0.0,6.0,2.0,0.0,1.0
459,42.0,14.0,0.0,4.0,2.0,0.0,1.0
460,59.0,20.0,0.0,3.0,2.0,0.0,57.0
461,22.0,15.0,0.0,2.0,1.0,0.0,8.0
462,233.0,11.0,0.0,5.0,4.0,0.0,20.0
463,131.0,7.0,0.0,3.0,3.0,0.0,46.0
464,96.0,20.0,0.0,4.0,3.0,0.0,15.0
465,62.0,23.0,0.0,3.0,3.0,0.0,54.0
466,26.0,13.0,0.0,3.0,2.0,0.0,10.0
467,52.0,6.0,0.0,3.0,3.0,0.0,5.0
468,45.0,16.0,0.0,5.0,3.0,0.0,11.0
469,55.0,23.0,0.0,5.0,2.0,0.0,1.0
470,92.0,13.0,0.0,5.0,3.0,0.0,42.0
471,64.0,29.0,0.0,5.0,1.0,0.0,25.0
472,75.0,15.0,0.0,6.0,3.0,0.0,181.0
473,38.0,25.0,0.0,4.0,3.0,0.0,15.0
474,136.0,16.0,0.0,10.0,3.0,0.0,30.0
475,25.0,25.0,0.0,2.0,3.0,0.0,1.0
476,73.0,9.0,0.0,7.0,2.0,0.0,26.0
477,513.0,19.0,0.0,3.0,3.0,0.0,10.0
478,77.0,13.0,1.0,4.0,1.0,0.0,9.0
479,255.0,20.0,0.0,10.0,2.0,1.0,27.0
480,39.0,24.0,0.0,3.0,3.0,0.0,44.0
481,178.0,26.0,0.0,8.0,2.0,0.0,41.0
482,80.0,13.0,0.0,5.0,2.0,0.0,24.0
483,156.0,21.0,0.0,9.0,5.0,0.0,20.0
484,40.0,29.0,0.0,5.0,1.0,0.0,55.0
485,30.0,15.0,0.0,2.0,2.0,0.0,183.0
486,43.0,20.0,0.0,6.0,2.0,0.0,57.0
487,35.0,22.0,0.0,5.0,2.0,0.0,5.0
488,31.0,17.0,0.0,3.0,2.0,0.0,8.0
489,50.0,42.0,0.0,3.0,2.0,0.0,21.0
490,45.0,23.0,0.0,3.0,2.0,0.0,30.0
491,272.0,30.0,0.0,8.0,9.0,0.0,30.0
492,56.0,16.0,0.0,5.0,1.0,0.0,36.0
493,101.0,36.0,0.0,5.0,3.0,0.0,21.0
494,91.0,14.0,0.0,7.0,3.0,0.0,1.0
495,22.0,20.0,0.0,2.0,2.0,0.0,10.0
496,42.0,18.0,0.0,3.0,3.0,0.0,21.0
497,180.0,31.0,0.0,8.0,12.0,0.0,21.0
498,26.0,16.0,0.0,3.0,1.0,0.0,22.0
499,26.0,20.0,0.0,3.0,2.0,0.0,12.0
500,77.0,14.0,0.0,5.0,1.0,0.0,1.0
501,76.0,21.0,0.0,7.0,1.0,0.0,8.0
502,41.0,15.0,0.0,5.0,3.0,0.0,0.0
503,59.0,16.0,0.0,3.0,3.0,0.0,75.0
504,40.0,28.0,0.0,5.0,4.0,0.0,1.0
505,68.0,19.0,0.0,4.0,1.0,0.0,22.0
506,77.0,19.0,0.0,7.0,6.0,0.0,22.0
507,51.0,17.0,0.0,3.0,5.0,0.0,32.0
508,92.0,23.0,0.0,7.0,5.0,0.0,3.0
509,80.0,36.0,0.0,6.0,4.0,0.0,21.0
510,41.0,15.0,0.0,5.0,4.0,0.0,7.0
511,182.0,17.0,0.0,11.0,1.0,0.0,26.0
512,80.0,19.0,0.0,5.0,1.0,0.0,22.0
513,27.0,29.0,0.0,3.0,1.0,0.0,20.0
514,44.0,29.0,0.0,3.0,3.0,0.0,91.0
515,212.0,15.0,1.0,6.0,2.0,0.0,21.0
516,197.0,67.0,0.0,12.0,2.0,0.0,21.0
517,40.0,12.0,0.0,3.0,1.0,0.0,16.0
518,106.0,16.0,0.0,6.0,4.0,0.0,35.0
519,33.0,18.0,0.0,5.0,1.0,0.0,15.0
520,66.0,19.0,0.0,5.0,3.0,0.0,9.0
521,31.0,21.0,0.0,4.0,1.0,0.0,47.0
522,70.0,25.0,0.0,4.0,3.0,0.0,13.0
523,96.0,24.0,0.0,4.0,1.0,0.0,47.0
524,104.0,36.0,0.0,5.0,2.0,0.0,43.0
525,32.0,6.0,0.0,3.0,2.0,0.0,5.0
526,63.0,13.0,0.0,9.0,1.0,0.0,21.0
527,45.0,9.0,0.0,5.0,2.0,0.0,3.0
528,66.0,8.0,0.0,3.0,1.0,0.0,1.0
529,55.0,13.0,1.0,3.0,2.0,0.0,9.0
530,88.0,23.0,0.0,7.0,2.0,0.0,0.0
531,190.0,7.0,0.0,4.0,2.0,0.0,30.0
532,80.0,19.0,0.0,7.0,3.0,0.0,30.0
533,58.0,14.0,0.0,3.0,3.0,0.0,9.0
534,37.0,16.0,0.0,3.0,3.0,0.0,0.0
535,59.0,18.0,0.0,6.0,2.0,0.0,52.0
536,28.0,15.0,0.0,4.0,2.0,0.0,121.0
537,27.0,18.0,0.0,3.0,1.0,0.0,24.0
538,258.0,15.0,0.0,6.0,13.0,0.0,41.0
539,21.0,21.0,0.0,3.0,1.0,0.0,42.0
540,58.0,25.0,0.0,4.0,4.0,0.0,27.0
541,277.0,22.0,0.0,6.0,7.0,0.0,1.0
542,49.0,28.0,0.0,5.0,2.0,0.0,16.0
543,167.0,23.0,0.0,4.0,1.0,0.0,21.0
544,81.0,24.0,0.0,6.0,3.0,0.0,7.0
545,67.0,13.0,0.0,5.0,2.0,0.0,47.0
546,53.0,20.0,0.0,5.0,4.0,0.0,1.0
547,80.0,18.0,0.0,4.0,3.0,0.0,9.0
548,66.0,36.0,0.0,3.0,2.0,0.0,21.0
549,103.0,13.0,0.0,11.0,1.0,0.0,8.0
550,82.0,13.0,1.0,3.0,4.0,0.0,17.0
551,23.0,16.0,0.0,3.0,1.0,0.0,35.0
552,38.0,27.0,0.0,5.0,1.0,0.0,0.0
553,26.0,22.0,0.0,3.0,2.0,0.0,9.0
554,50.0,27.0,0.0,4.0,1.0,0.0,30.0
555,51.0,29.0,0.0,5.0,2.0,0.0,51.0
556,71.0,14.0,0.0,3.0,2.0,0.0,26.0
557,143.0,23.0,0.0,10.0,8.0,0.0,21.0
558,147.0,5.0,0.0,9.0,9.0,0.0,6.0
559,52.0,33.0,0.0,4.0,2.0,0.0,10.0
560,94.0,19.0,0.0,11.0,1.0,0.0,13.0
561,50.0,16.0,0.0,3.0,2.0,0.0,35.0
562,513.0,8.0,0.0,3.0,3.0,0.0,12.0
563,121.0,7.0,0.0,4.0,4.0,0.0,46.0
564,64.0,23.0,0.0,5.0,1.0,0.0,32.0
565,80.0,16.0,0.0,5.0,1.0,0.0,33.0
566,34.0,22.0,0.0,3.0,2.0,0.0,54.0
567,65.0,19.0,0.0,4.0,2.0,0.0,12.0
568,181.0,26.0,0.0,5.0,3.0,0.0,53.0
569,43.0,22.0,0.0,4.0,1.0,0.0,24.0
570,51.0,22.0,0.0,5.0,3.0,0.0,10.0
571,86.0,28.0,0.0,7.0,1.0,0.0,37.0
572,76.0,18.0,0.0,4.0,2.0,0.0,1.0
573,40.0,24.0,0.0,4.0,2.0,0.0,5.0
574,247.0,16.0,0.0,5.0,7.0,0.0,104.0
575,91.0,19.0,0.0,6.0,2.0,0.0,1.0
576,81.0,25.0,0.0,8.0,4.0,0.0,76.0
577,47.0,43.0,0.0,4.0,1.0,0.0,29.0
578,49.0,16.0,0.0,4.0,1.0,0.0,29.0
579,69.0,11.0,0.0,6.0,2.0,0.0,57.0
580,63.0,18.0,0.0,7.0,2.0,0.0,27.0
581,58.0,21.0,0.0,4.0,3.0,0.0,27.0
582,42.0,20.0,0.0,5.0,2.0,0.0,1.0
583,31.0,14.0,0.0,3.0,1.0,0.0,99.0
584,54.0,18.0,0.0,4.0,3.0,0.0,75.0
585,27.0,36.0,0.0,3.0,1.0,0.0,21.0
586,41.0,13.0,0.0,5.0,1.0,0.0,12.0
587,90.0,10.0,0.0,5.0,3.0,0.0,0.0
588,69.0,30.0,0.0,6.0,3.0,0.0,1.0
589,50.0,34.0,0.0,5.0,2.0,0.0,11.0
590,107.0,14.0,0.0,3.0,3.0,0.0,39.0
591,107.0,20.0,0.0,5.0,8.0,0.0,28.0
592,43.0,36.0,0.0,3.0,3.0,0.0,21.0
593,81.0,30.0,0.0,5.0,2.0,0.0,15.0
594,97.0,32.0,0.0,4.0,2.0,0.0,1.0
595,43.0,19.0,0.0,4.0,2.0,0.0,32.0
596,53.0,18.0,0.0,5.0,3.0,0.0,57.0
597,37.0,25.0,0.0,4.0,2.0,0.0,18.0
598,67.0,17.0,0.0,4.0,1.0,0.0,3.0
599,59.0,29.0,0.0,8.0,1.0,0.0,4.0
600,38.0,18.0,0.0,4.0,2.0,0.0,14.0
601,21.0,20.0,0.0,3.0,1.0,0.0,44.0
602,43.0,6.0,0.0,3.0,2.0,0.0,8.0
603,94.0,20.0,0.0,7.0,2.0,0.0,25.0
604,113.0,19.0,0.0,3.0,4.0,0.0,17.0
605,57.0,16.0,0.0,4.0,3.0,0.0,30.0
606,53.0,36.0,0.0,6.0,1.0,0.0,19.0
607,107.0,16.0,0.0,11.0,3.0,0.0,44.0
608,96.0,18.0,0.0,5.0,2.0,0.0,17.0
609,34.0,16.0,0.0,4.0,3.0,0.0,29.0
610,44.0,16.0,0.0,5.0,3.0,0.0,107.0
611,65.0,18.0,0.0,5.0,1.0,0.0,35.0
612,32.0,17.0,0.0,3.0,2.0,0.0,8.0
613,55.0,18.0,0.0,3.0,2.0,0.0,43.0
614,165.0,27.0,0.0,4.0,2.0,0.0,25.0
615,272.0,24.0,0.0,8.0,9.0,0.0,27.0
616,1193.0,22.0,0.0,3.0,1.0,0.0,1.0
617,52.0,15.0,0.0,3.0,2.0,0.0,38.0
618,204.0,9.0,0.0,8.0,11.0,0.0,1.0
619,74.0,13.0,0.0,6.0,1.0,0.0,56.0
620,40.0,26.0,0.0,5.0,2.0,0.0,30.0
621,20.0,17.0,0.0,4.0,1.0,0.0,42.0
622,83.0,15.0,0.0,3.0,5.0,0.0,12.0
623,48.0,17.0,0.0,4.0,1.0,0.0,27.0
624,51.0,19.0,0.0,6.0,2.0,0.0,21.0
625,67.0,22.0,0.0,7.0,3.0,0.0,31.0
626,18.0,25.0,0.0,3.0,1.0,0.0,18.0
627,24.0,55.0,0.0,2.0,2.0,0.0,21.0
628,18.0,16.0,0.0,3.0,1.0,0.0,34.0
629,50.0,17.0,0.0,5.0,3.0,0.0,1.0
630,39.0,8.0,0.0,3.0,3.0,0.0,23.0
631,26.0,23.0,0.0,3.0,1.0,0.0,113.0
632,47.0,16.0,0.0,5.0,3.0,0.0,30.0
633,36.0,7.0,0.0,4.0,2.0,0.0,5.0
634,269.0,14.0,0.0,4.0,3.0,0.0,13.0
635,77.0,11.0,0.0,5.0,3.0,0.0,18.0
636,47.0,31.0,0.0,5.0,1.0,0.0,1.0
637,42.0,17.0,0.0,4.0,4.0,0.0,1.0
638,36.0,11.0,0.0,3.0,2.0,0.0,24.0
639,35.0,18.0,0.0,2.0,2.0,0.0,1.0
640,101.0,12.0,0.0,3.0,3.0,0.0,183.0
641,85.0,26.0,0.0,3.0,3.0,0.0,40.0
642,49.0,13.0,1.0,3.0,1.0,0.0,9.0
643,35.0,12.0,0.0,4.0,1.0,0.0,59.0
644,30.0,12.0,0.0,4.0,1.0,0.0,1.0
645,63.0,23.0,0.0,4.0,1.0,0.0,61.0
646,35.0,29.0,0.0,3.0,2.0,0.0,95.0
647,122.0,30.0,0.0,5.0,1.0,0.0,10.0
648,69.0,14.0,0.0,8.0,1.0,0.0,4.0
649,73.0,9.0,0.0,4.0,1.0,0.0,43.0
650,44.0,52.0,0.0,5.0,3.0,0.0,21.0
651,173.0,13.0,0.0,7.0,4.0,0.0,11.0
652,30.0,16.0,0.0,2.0,1.0,0.0,99.0
653,20.0,22.0,0.0,2.0,2.0,0.0,30.0
654,48.0,16.0,0.0,4.0,3.0,0.0,6.0
655,57.0,18.0,0.0,3.0,2.0,0.0,53.0
656,268.0,16.0,0.0,8.0,9.0,0.0,0.0
657,58.0,41.0,0.0,7.0,1.0,0.0,3.0
658,22.0,25.0,0.0,3.0,2.0,0.0,88.0
659,75.0,11.0,0.0,11.0,1.0,0.0,135.0
660,109.0,18.0,0.0,6.0,6.0,0.0,57.0
661,89.0,17.0,0.0,8.0,4.0,0.0,1.0
662,70.0,20.0,0.0,8.0,1.0,0.0,13.0
663,32.0,35.0,0.0,2.0,2.0,0.0,41.0
664,38.0,17.0,0.0,5.0,1.0,0.0,0.0
665,69.0,16.0,0.0,3.0,2.0,0.0,29.0
666,288.0,16.0,0.0,6.0,16.0,0.0,8.0
667,37.0,18.0,0.0,4.0,2.0,0.0,1.0
668,85.0,19.0,0.0,5.0,2.0,0.0,7.0
669,61.0,24.0,0.0,3.0,3.0,0.0,5.0
670,56.0,24.0,0.0,6.0,4.0,0.0,1.0
671,72.0,18.0,0.0,4.0,1.0,0.0,1.0
672,28.0,11.0,0.0,4.0,1.0,0.0,20.0
673,120.0,19.0,0.0,8.0,3.0,0.0,8.0
674,59.0,16.0,0.0,4.0,1.0,0.0,13.0
675,73.0,24.0,0.0,11.0,2.0,0.0,21.0
676,38.0,12.0,0.0,3.0,3.0,0.0,37.0
677,138.0,16.0,0.0,5.0,1.0,0.0,32.0
678,46.0,10.0,0.0,3.0,3.0,0.0,87.0
679,54.0,19.0,0.0,3.0,4.0,0.0,20.0
680,41.0,13.0,0.0,4.0,2.0,0.0,22.0
681,60.0,18.0,0.0,6.0,1.0,0.0,9.0
682,34.0,18.0,0.0,4.0,2.0,0.0,43.0
683,119.0,16.0,0.0,5.0,2.0,0.0,31.0
684,100.0,12.0,0.0,6.0,2.0,0.0,1.0
685,103.0,26.0,0.0,5.0,1.0,0.0,54.0
686,69.0,12.0,0.0,4.0,2.0,0.0,190.0
687,103.0,20.0,0.0,4.0,3.0,0.0,184.0
688,75.0,23.0,0.0,4.0,4.0,0.0,43.0
689,62.0,26.0,0.0,5.0,1.0,0.0,25.0
690,122.0,50.0,0.0,3.0,3.0,0.0,21.0
691,38.0,13.0,0.0,3.0,2.0,0.0,46.0
692,65.0,19.0,0.0,3.0,3.0,0.0,56.0
693,84.0,17.0,0.0,6.0,2.0,0.0,9.0
694,36.0,15.0,0.0,3.0,2.0,0.0,1.0
695,126.0,12.0,0.0,11.0,1.0,0.0,23.0
696,205.0,19.0,0.0,4.0,3.0,0.0,10.0
697,50.0,25.0,0.0,5.0,1.0,0.0,24.0
698,26.0,28.0,0.0,3.0,1.0,0.0,4.0
699,74.0,17.0,0.0,4.0,6.0,0.0,16.0
700,33.0,31.0,0.0,2.0,2.0,0.0,84.0
701,102.0,19.0,0.0,4.0,2.0,0.0,1.0
702,27.0,17.0,0.0,3.0,1.0,0.0,13.0
703,78.0,19.0,0.0,8.0,2.0,0.0,9.0
704,59.0,33.0,0.0,6.0,2.0,0.0,1.0
705,73.0,17.0,0.0,3.0,2.0,0.0,42.0
706,59.0,8.0,0.0,7.0,1.0,0.0,17.0
707,19.0,22.0,0.0,3.0,1.0,0.0,15.0
708,31.0,26.0,0.0,3.0,2.0,0.0,30.0
709,72.0,23.0,0.0,4.0,5.0,0.0,33.0
710,49.0,18.0,0.0,4.0,2.0,0.0,75.0
711,49.0,14.0,0.0,6.0,1.0,0.0,105.0
712,207.0,15.0,0.0,9.0,12.0,0.0,1.0
713,62.0,19.0,0.0,9.0,2.0,0.0,13.0
714,104.0,11.0,0.0,10.0,1.0,0.0,15.0
715,151.0,5.0,0.0,5.0,7.0,0.0,12.0
716,36.0,14.0,0.0,3.0,1.0,0.0,71.0
717,59.0,16.0,0.0,5.0,3.0,0.0,33.0
718,45.0,11.0,0.0,3.0,2.0,0.0,9.0
719,62.0,13.0,0.0,8.0,3.0,0.0,56.0
720,38.0,21.0,0.0,5.0,2.0,0.0,50.0
721,23.0,6.0,0.0,3.0,1.0,0.0,5.0
722,34.0,30.0,0.0,3.0,2.0,0.0,30.0
723,41.0,30.0,0.0,5.0,3.0,0.0,43.0
724,30.0,16.0,0.0,5.0,1.0,0.0,23.0
725,55.0,27.0,0.0,6.0,2.0,0.0,73.0
726,287.0,21.0,0.0,4.0,2.0,0.0,1.0
727,49.0,10.0,0.0,6.0,1.0,0.0,7.0
728,31.0,29.0,0.0,3.0,3.0,0.0,39.0
729,55.0,14.0,0.0,6.0,3.0,0.0,29.0
730,73.0,12.0,0.0,4.0,2.0,0.0,37.0
731,122.0,17.0,0.0,3.0,2.0,0.0,21.0
732,40.0,11.0,0.0,4.0,1.0,0.0,17.0
733,62.0,22.0,0.0,3.0,2.0,0.0,67.0
734,47.0,21.0,0.0,5.0,2.0,0.0,51.0
735,147.0,102.0,0.0,4.0,3.0,0.0,1.0
736,136.0,23.0,0.0,4.0,2.0,0.0,36.0
737,156.0,25.0,0.0,5.0,2.0,0.0,16.0
738,39.0,16.0,0.0,4.0,1.0,0.0,0.0
739,44.0,16.0,0.0,4.0,2.0,0.0,5.0
740,123.0,28.0,0.0,8.0,10.0,0.0,21.0
741,153.0,32.0,0.0,8.0,2.0,0.0,10.0
742,68.0,19.0,0.0,8.0,1.0,0.0,10.0
743,82.0,42.0,0.0,4.0,2.0,0.0,21.0
744,93.0,26.0,0.0,3.0,3.0,0.0,17.0
745,37.0,23.0,0.0,4.0,1.0,0.0,18.0
746,52.0,39.0,0.0,4.0,3.0,0.0,8.0
747,44.0,17.0,0.0,5.0,4.0,0.0,30.0
748,67.0,14.0,0.0,3.0,2.0,0.0,20.0
749,36.0,12.0,0.0,5.0,1.0,0.0,4.0
750,54.0,101.0,0.0,3.0,4.0,0.0,21.0
751,63.0,26.0,0.0,3.0,1.0,0.0,1.0
752,130.0,17.0,0.0,4.0,6.0,0.0,1.0
753,70.0,11.0,0.0,4.0,1.0,0.0,59.0
754,249.0,21.0,0.0,13.0,10.0,0.0,10.0
755,43.0,11.0,0.0,4.0,2.0,0.0,16.0
756,70.0,17.0,0.0,5.0,1.0,0.0,14.0
757,133.0,17.0,0.0,9.0,6.0,0.0,98.0
758,180.0,15.0,0.0,5.0,3.0,0.0,10.0
759,26.0,15.0,0.0,3.0,3.0,0.0,8.0
760,39.0,23.0,0.0,3.0,1.0,0.0,39.0
761,21.0,20.0,0.0,3.0,1.0,0.0,184.0
762,88.0,22.0,0.0,10.0,2.0,0.0,26.0
763,65.0,13.0,0.0,9.0,2.0,0.0,23.0
764,51.0,19.0,0.0,5.0,2.0,0.0,27.0
765,23.0,20.0,0.0,2.0,2.0,0.0,10.0
766,25.0,18.0,0.0,3.0,2.0,0.0,89.0
767,77.0,9.0,0.0,6.0,3.0,0.0,3.0
768,29.0,12.0,0.0,4.0,1.0,0.0,7.0
769,27.0,32.0,0.0,3.0,1.0,0.0,82.0
770,77.0,22.0,0.0,7.0,5.0,0.0,1.0
771,47.0,18.0,0.0,7.0,1.0,0.0,72.0
772,68.0,16.0,0.0,4.0,1.0,0.0,1.0
773,64.0,25.0,0.0,6.0,2.0,0.0,11.0
774,52.0,13.0,0.0,3.0,3.0,0.0,9.0
775,45.0,23.0,0.0,5.0,3.0,0.0,9.0
776,83.0,13.0,0.0,3.0,5.0,0.0,26.0
777,58.0,12.0,0.0,5.0,2.0,0.0,52.0
778,88.0,14.0,0.0,6.0,4.0,0.0,34.0
779,36.0,29.0,0.0,5.0,1.0,0.0,30.0
780,34.0,16.0,0.0,4.0,1.0,0.0,14.0
781,156.0,38.0,0.0,3.0,3.0,0.0,21.0
782,40.0,22.0,0.0,4.0,2.0,0.0,66.0
783,124.0,36.0,0.0,4.0,5.0,0.0,21.0
784,80.0,30.0,0.0,6.0,3.0,0.0,4.0
785,38.0,23.0,0.0,6.0,2.0,0.0,26.0
786,39.0,23.0,0.0,4.0,2.0,0.0,9.0
787,65.0,14.0,0.0,5.0,2.0,0.0,7.0
788,46.0,6.0,0.0,3.0,2.0,0.0,6.0
789,28.0,20.0,0.0,3.0,2.0,0.0,9.0
790,66.0,33.0,0.0,10.0,2.0,0.0,12.0
791,88.0,16.0,0.0,7.0,2.0,0.0,111.0
792,24.0,14.0,0.0,3.0,1.0,0.0,1.0
793,36.0,16.0,0.0,4.0,2.0,0.0,30.0
794,63.0,14.0,0.0,3.0,1.0,0.0,0.0
795,50.0,27.0,0.0,5.0,1.0,0.0,22.0
796,71.0,16.0,0.0,5.0,3.0,0.0,37.0
797,97.0,16.0,0.0,5.0,2.0,0.0,22.0
798,80.0,30.0,0.0,5.0,3.0,0.0,30.0
799,32.0,29.0,0.0,2.0,1.0,0.0,60.0
800,33.0,13.0,0.0,4.0,1.0,0.0,19.0
801,74.0,24.0,0.0,4.0,2.0,0.0,15.0
802,92.0,22.0,0.0,3.0,11.0,0.0,44.0
803,34.0,37.0,0.0,3.0,2.0,0.0,3.0
804,97.0,28.0,0.0,5.0,2.0,0.0,10.0
805,45.0,12.0,0.0,3.0,2.0,0.0,16.0
806,59.0,15.0,0.0,7.0,1.0,0.0,84.0
807,89.0,14.0,0.0,9.0,2.0,0.0,9.0
808,62.0,24.0,0.0,3.0,3.0,0.0,9.0
809,63.0,15.0,0.0,3.0,5.0,0.0,45.0
810,101.0,17.0,0.0,3.0,3.0,0.0,1.0
811,229.0,21.0,0.0,3.0,3.0,0.0,34.0
812,47.0,17.0,0.0,4.0,1.0,0.0,19.0
813,70.0,18.0,0.0,6.0,7.0,0.0,29.0
814,47.0,14.0,0.0,5.0,2.0,0.0,1.0
815,49.0,26.0,0.0,4.0,2.0,0.0,10.0
816,37.0,30.0,0.0,5.0,1.0,0.0,1.0
817,23.0,17.0,0.0,3.0,2.0,0.0,43.0
818,83.0,22.0,0.0,3.0,3.0,0.0,10.0
819,161.0,36.0,0.0,3.0,2.0,0.0,21.0
820,146.0,19.0,0.0,3.0,2.0,0.0,44.0
821,68.0,21.0,0.0,10.0,1.0,0.0,8.0
822,140.0,13.0,0.0,5.0,2.0,0.0,0.0
823,210.0,29.0,0.0,8.0,12.0,0.0,1.0
824,41.0,36.0,0.0,5.0,3.0,0.0,52.0
825,52.0,15.0,0.0,7.0,3.0,0.0,1.0
826,31.0,25.0,0.0,3.0,2.0,0.0,1.0
827,31.0,20.0,0.0,3.0,2.0,0.0,183.0
828,39.0,17.0,0.0,4.0,2.0,0.0,1.0
829,60.0,26.0,0.0,4.0,1.0,0.0,12.0
830,57.0,22.0,0.0,5.0,2.0,0.0,9.0
831,40.0,36.0,0.0,6.0,1.0,0.0,21.0
832,85.0,13.0,0.0,8.0,3.0,0.0,26.0
833,84.0,17.0,0.0,3.0,5.0,0.0,12.0
834,38.0,18.0,0.0,3.0,3.0,0.0,1.0
835,23.0,19.0,0.0,2.0,1.0,0.0,27.0
836,50.0,26.0,0.0,4.0,3.0,0.0,22.0
837,18.0,9.0,0.0,3.0,1.0,0.0,11.0
838,37.0,21.0,0.0,5.0,1.0,0.0,18.0
839,63.0,18.0,0.0,6.0,2.0,0.0,15.0
840,286.0,21.0,0.0,5.0,14.0,0.0,50.0
841,66.0,25.0,0.0,5.0,2.0,0.0,30.0
842,21.0,16.0,0.0,3.0,1.0,0.0,34.0
843,39.0,21.0,0.0,3.0,3.0,0.0,14.0
844,128.0,13.0,0.0,4.0,2.0,0.0,19.0
845,119.0,13.0,0.0,6.0,2.0,0.0,69.0
846,42.0,30.0,0.0,3.0,3.0,0.0,1.0
847,86.0,29.0,0.0,7.0,5.0,0.0,12.0
848,21.0,25.0,0.0,3.0,1.0,0.0,7.0
849,33.0,24.0,0.0,4.0,2.0,0.0,21.0
850,46.0,13.0,0.0,4.0,2.0,0.0,20.0
851,71.0,12.0,0.0,3.0,5.0,0.0,0.0
852,31.0,36.0,0.0,3.0,2.0,0.0,78.0
853,34.0,24.0,0.0,3.0,3.0,0.0,29.0
854,145.0,17.0,0.0,4.0,2.0,0.0,14.0
855,52.0,20.0,0.0,5.0,4.0,0.0,4.0
856,53.0,17.0,0.0,3.0,6.0,0.0,21.0
857,68.0,19.0,0.0,6.0,2.0,0.0,13.0
858,47.0,25.0,0.0,6.0,1.0,0.0,30.0
859,56.0,13.0,0.0,7.0,3.0,0.0,18.0
860,60.0,20.0,0.0,3.0,3.0,0.0,44.0
861,56.0,11.0,0.0,3.0,3.0,0.0,39.0
862,74.0,17.0,0.0,4.0,1.0,0.0,35.0
863,40.0,27.0,0.0,4.0,2.0,0.0,12.0
864,56.0,18.0,0.0,3.0,2.0,0.0,10.0
865,69.0,38.0,0.0,6.0,3.0,0.0,21.0
866,38.0,20.0,0.0,4.0,3.0,0.0,24.0
867,87.0,19.0,0.0,5.0,4.0,0.0,1.0
868,46.0,19.0,0.0,6.0,2.0,0.0,32.0
869,159.0,23.0,0.0,5.0,2.0,0.0,25.0
870,52.0,13.0,1.0,6.0,1.0,0.0,62.0
871,54.0,13.0,0.0,5.0,2.0,0.0,25.0
872,41.0,49.0,0.0,3.0,3.0,0.0,21.0
873,160.0,18.0,0.0,5.0,3.0,0.0,11.0
874,25.0,17.0,0.0,3.0,1.0,0.0,12.0
875,72.0,15.0,0.0,4.0,4.0,0.0,8.0
876,31.0,20.0,0.0,3.0,2.0,0.0,27.0
877,149.0,17.0,0.0,9.0,9.0,0.0,10.0
878,18.0,18.0,0.0,2.0,2.0,0.0,20.0
879,93.0,16.0,0.0,9.0,1.0,0.0,17.0
880,44.0,35.0,0.0,4.0,2.0,0.0,17.0
881,95.0,21.0,0.0,5.0,2.0,0.0,1.0
882,29.0,26.0,0.0,3.0,2.0,0.0,33.0
883,178.0,7.0,0.0,3.0,5.0,0.0,24.0
884,45.0,21.0,0.0,3.0,2.0,0.0,5.0
885,46.0,29.0,0.0,4.0,2.0,0.0,102.0
886,73.0,13.0,0.0,4.0,1.0,0.0,10.0
887,34.0,26.0,0.0,3.0,2.0,0.0,6.0
888,62.0,12.0,0.0,5.0,1.0,0.0,10.0
889,64.0,14.0,0.0,4.0,2.0,0.0,10.0
890,42.0,31.0,0.0,4.0,3.0,0.0,14.0
891,65.0,17.0,0.0,6.0,2.0,0.0,0.0
892,24.0,15.0,0.0,3.0,2.0,0.0,37.0
893,71.0,21.0,0.0,8.0,2.0,0.0,60.0
894,23.0,22.0,0.0,3.0,1.0,0.0,1.0
895,49.0,18.0,0.0,5.0,1.0,0.0,21.0
896,75.0,26.0,0.0,4.0,3.0,0.0,19.0
897,119.0,26.0,0.0,3.0,5.0,0.0,21.0
898,152.0,27.0,0.0,3.0,5.0,0.0,25.0
899,62.0,31.0,0.0,3.0,3.0,0.0,1.0
900,74.0,12.0,0.0,5.0,2.0,4.0,1.0
901,70.0,16.0,0.0,6.0,2.0,0.0,0.0
902,53.0,24.0,0.0,6.0,3.0,0.0,1.0
903,61.0,19.0,0.0,4.0,2.0,0.0,70.0
904,182.0,17.0,0.0,5.0,3.0,0.0,34.0
905,88.0,11.0,0.0,6.0,2.0,0.0,15.0
906,17.0,18.0,0.0,2.0,1.0,0.0,33.0
907,90.0,25.0,0.0,7.0,2.0,0.0,8.0
908,52.0,22.0,0.0,5.0,4.0,0.0,24.0
909,35.0,21.0,0.0,3.0,2.0,0.0,15.0
910,49.0,32.0,0.0,5.0,2.0,0.0,1.0
911,48.0,29.0,0.0,6.0,3.0,0.0,44.0
912,65.0,15.0,0.0,4.0,1.0,0.0,184.0
913,139.0,18.0,0.0,3.0,3.0,0.0,9.0
914,27.0,13.0,0.0,3.0,1.0,0.0,21.0
915,44.0,32.0,0.0,4.0,2.0,0.0,10.0
916,71.0,28.0,0.0,5.0,4.0,0.0,3.0
917,106.0,21.0,0.0,5.0,8.0,0.0,49.0
918,34.0,49.0,0.0,3.0,1.0,0.0,8.0
919,63.0,19.0,0.0,3.0,2.0,0.0,19.0
920,26.0,15.0,0.0,3.0,2.0,0.0,7.0
921,41.0,17.0,0.0,3.0,1.0,0.0,63.0
922,42.0,17.0,0.0,4.0,1.0,0.0,44.0
923,38.0,18.0,0.0,4.0,3.0,0.0,15.0
924,43.0,22.0,0.0,5.0,1.0,0.0,30.0
925,35.0,13.0,0.0,6.0,2.0,0.0,92.0
926,62.0,41.0,0.0,4.0,4.0,0.0,1.0
927,87.0,23.0,0.0,5.0,4.0,0.0,23.0
928,23.0,20.0,0.0,4.0,1.0,0.0,57.0
929,33.0,25.0,0.0,4.0,2.0,0.0,24.0
930,62.0,22.0,0.0,5.0,1.0,0.0,25.0
931,43.0,14.0,0.0,4.0,4.0,0.0,21.0
932,51.0,9.0,0.0,4.0,2.0,0.0,33.0
933,44.0,16.0,0.0,5.0,2.0,0.0,110.0
934,96.0,52.0,0.0,8.0,2.0,0.0,21.0
935,68.0,34.0,0.0,4.0,2.0,0.0,1.0
936,68.0,12.0,0.0,6.0,4.0,0.0,10.0
937,32.0,21.0,0.0,3.0,3.0,0.0,14.0
938,24.0,15.0,0.0,3.0,1.0,0.0,1.0
939,51.0,20.0,0.0,4.0,4.0,0.0,1.0
940,53.0,16.0,0.0,3.0,3.0,0.0,110.0
941,59.0,11.0,0.0,6.0,2.0,0.0,1.0
942,33.0,17.0,0.0,3.0,3.0,0.0,31.0
943,79.0,17.0,0.0,5.0,3.0,0.0,47.0
944,79.0,21.0,0.0,5.0,4.0,0.0,34.0
945,66.0,25.0,0.0,4.0,3.0,0.0,14.0
946,40.0,18.0,0.0,6.0,1.0,0.0,8.0
947,63.0,9.0,0.0,3.0,2.0,0.0,1.0
948,67.0,66.0,0.0,3.0,3.0,0.0,15.0
949,46.0,14.0,0.0,5.0,1.0,0.0,21.0
950,105.0,15.0,0.0,5.0,8.0,0.0,37.0
951,67.0,141.0,0.0,4.0,1.0,0.0,120.0
952,69.0,32.0,0.0,8.0,1.0,0.0,17.0
953,42.0,15.0,0.0,4.0,3.0,0.0,10.0
954,61.0,18.0,0.0,5.0,2.0,0.0,37.0
955,32.0,22.0,0.0,3.0,2.0,0.0,7.0
956,75.0,31.0,0.0,4.0,4.0,0.0,15.0
957,42.0,11.0,0.0,4.0,2.0,0.0,8.0
958,112.0,30.0,0.0,6.0,2.0,0.0,1.0
959,24.0,41.0,0.0,3.0,1.0,0.0,21.0
960,36.0,21.0,0.0,3.0,3.0,0.0,26.0
961,40.0,20.0,0.0,5.0,1.0,0.0,183.0
962,69.0,19.0,0.0,7.0,2.0,0.0,78.0
963,59.0,34.0,0.0,7.0,2.0,0.0,1.0
964,37.0,18.0,0.0,4.0,1.0,0.0,88.0
965,28.0,28.0,0.0,3.0,4.0,0.0,1.0
966,26.0,17.0,0.0,3.0,2.0,0.0,1.0
967,72.0,16.0,0.0,5.0,3.0,0.0,14.0
968,54.0,22.0,0.0,5.0,1.0,0.0,16.0
969,36.0,29.0,0.0,4.0,2.0,0.0,94.0
970,22.0,22.0,0.0,3.0,2.0,0.0,9.0
971,159.0,20.0,0.0,6.0,6.0,0.0,15.0
972,35.0,15.0,0.0,5.0,3.0,0.0,10.0
973,212.0,15.0,0.0,8.0,12.0,0.0,12.0
974,35.0,14.0,1.0,3.0,2.0,0.0,9.0
975,100.0,19.0,0.0,5.0,3.0,0.0,85.0
976,66.0,39.0,0.0,9.0,1.0,0.0,43.0
977,29.0,16.0,0.0,4.0,2.0,0.0,1.0
978,34.0,16.0,0.0,3.0,3.0,0.0,8.0
979,61.0,16.0,0.0,3.0,3.0,0.0,23.0
980,60.0,22.0,0.0,4.0,2.0,0.0,30.0
981,77.0,20.0,0.0,4.0,5.0,0.0,53.0
982,48.0,14.0,0.0,3.0,3.0,0.0,99.0
983,53.0,12.0,1.0,6.0,2.0,0.0,1.0
984,90.0,22.0,0.0,4.0,3.0,0.0,7.0
985,27.0,17.0,0.0,2.0,2.0,0.0,34.0
986,130.0,24.0,0.0,9.0,3.0,0.0,0.0
987,56.0,16.0,0.0,3.0,3.0,0.0,1.0
988,18.0,17.0,0.0,3.0,1.0,0.0,1.0
989,25.0,29.0,0.0,3.0,2.0,0.0,25.0
990,79.0,32.0,0.0,5.0,2.0,0.0,17.0
991,65.0,20.0,0.0,4.0,1.0,0.0,1.0
992,31.0,26.0,0.0,3.0,3.0,0.0,38.0
993,62.0,17.0,0.0,5.0,2.0,0.0,1.0
994,49.0,26.0,0.0,5.0,1.0,0.0,61.0
995,57.0,19.0,0.0,5.0,2.0,0.0,24.0
996,50.0,44.0,0.0,6.0,1.0,0.0,0.0
997,104.0,13.0,0.0,4.0,1.0,0.0,31.0
998,29.0,16.0,0.0,4.0,2.0,0.0,110.0
999,23.0,19.0,0.0,2.0,2.0,0.0,52.0
1000,38.0,16.0,0.0,4.0,2.0,0.0,19.0
1001,31.0,15.0,1.0,3.0,2.0,0.0,26.0
1002,41.0,21.0,0.0,6.0,4.0,0.0,44.0
1003,27.0,20.0,0.0,2.0,1.0,0.0,71.0
1004,29.0,21.0,0.0,3.0,1.0,0.0,5.0
1005,70.0,16.0,0.0,5.0,1.0,0.0,14.0
1006,61.0,36.0,0.0,5.0,1.0,0.0,49.0
1007,87.0,22.0,0.0,8.0,2.0,0.0,18.0
1008,102.0,13.0,0.0,7.0,3.0,0.0,1.0
1009,114.0,23.0,0.0,8.0,4.0,0.0,12.0
1010,59.0,13.0,0.0,4.0,1.0,0.0,8.0
1011,82.0,27.0,0.0,6.0,3.0,0.0,30.0
1012,25.0,26.0,0.0,3.0,1.0,0.0,0.0
1013,123.0,12.0,0.0,9.0,6.0,0.0,42.0
1014,39.0,19.0,0.0,4.0,2.0,0.0,1.0
1015,65.0,23.0,0.0,8.0,2.0,0.0,17.0
1016,30.0,22.0,0.0,3.0,2.0,0.0,51.0
1017,95.0,11.0,0.0,5.0,3.0,0.0,8.0
1018,69.0,20.0,0.0,6.0,2.0,0.0,29.0
1019,28.0,19.0,0.0,4.0,1.0,0.0,15.0
1020,53.0,11.0,0.0,4.0,1.0,0.0,1.0
1021,75.0,25.0,0.0,4.0,3.0,0.0,32.0
1022,47.0,24.0,0.0,5.0,2.0,0.0,1.0
1023,40.0,23.0,0.0,3.0,1.0,0.0,36.0
1024,53.0,24.0,0.0,4.0,1.0,0.0,1.0
1025,286.0,18.0,0.0,3.0,4.0,0.0,8.0
1026,48.0,16.0,0.0,7.0,2.0,0.0,16.0
1027,32.0,7.0,0.0,4.0,2.0,0.0,1.0
1028,272.0,20.0,0.0,8.0,9.0,0.0,26.0
1029,21.0,66.0,0.0,3.0,1.0,0.0,21.0
1030,72.0,117.0,0.0,8.0,1.0,0.0,31.0
1031,53.0,13.0,1.0,3.0,3.0,0.0,21.0
1032,40.0,10.0,0.0,4.0,3.0,0.0,16.0
1033,36.0,17.0,0.0,4.0,2.0,0.0,1.0
1034,39.0,24.0,0.0,4.0,1.0,0.0,6.0
1035,184.0,17.0,0.0,8.0,1.0,0.0,1.0
1036,476.0,19.0,0.0,8.0,11.0,0.0,10.0
1037,45.0,25.0,0.0,5.0,2.0,0.0,1.0
1038,41.0,18.0,0.0,4.0,2.0,0.0,9.0
1039,23.0,13.0,0.0,3.0,1.0,0.0,9.0
1040,28.0,29.0,0.0,3.0,2.0,0.0,28.0
1041,36.0,13.0,0.0,5.0,1.0,0.0,49.0
1042,60.0,17.0,0.0,7.0,2.0,0.0,24.0
1043,209.0,20.0,0.0,6.0,4.0,0.0,42.0
1044,147.0,16.0,0.0,4.0,4.0,0.0,20.0
1045,24.0,19.0,0.0,3.0,2.0,0.0,41.0
1046,133.0,10.0,0.0,10.0,3.0,0.0,20.0
1047,90.0,31.0,0.0,8.0,3.0,0.0,14.0
1048,25.0,15.0,0.0,3.0,2.0,0.0,13.0
1049,68.0,19.0,0.0,8.0,4.0,0.0,0.0
1050,23.0,4.0,0.0,3.0,1.0,0.0,7.0
1051,57.0,26.0,0.0,5.0,2.0,0.0,22.0
1052,182.0,14.0,0.0,5.0,3.0,0.0,29.0
1053,36.0,15.0,0.0,5.0,1.0,0.0,77.0
1054,42.0,16.0,0.0,6.0,3.0,0.0,13.0
1055,85.0,8.0,0.0,4.0,2.0,0.0,9.0
1056,87.0,29.0,0.0,5.0,3.0,0.0,11.0
1057,44.0,16.0,0.0,5.0,1.0,0.0,1.0
1058,30.0,15.0,0.0,3.0,2.0,0.0,121.0
1059,22.0,18.0,0.0,3.0,3.0,0.0,3.0
1060,78.0,22.0,0.0,9.0,5.0,0.0,29.0
1061,113.0,23.0,0.0,5.0,4.0,0.0,9.0
1062,43.0,70.0,0.0,3.0,3.0,0.0,21.0
1063,40.0,32.0,0.0,3.0,2.0,0.0,30.0
1064,61.0,15.0,0.0,5.0,1.0,0.0,1.0
1065,96.0,30.0,0.0,5.0,3.0,0.0,0.0
1066,41.0,17.0,0.0,5.0,1.0,0.0,51.0
1067,82.0,27.0,0.0,5.0,4.0,0.0,25.0
1068,45.0,27.0,0.0,4.0,2.0,0.0,21.0
1069,50.0,21.0,0.0,7.0,2.0,0.0,7.0
1070,77.0,9.0,0.0,3.0,3.0,0.0,8.0
1071,52.0,141.0,0.0,6.0,3.0,0.0,120.0
1072,66.0,19.0,0.0,4.0,2.0,0.0,30.0
1073,46.0,53.0,0.0,5.0,3.0,0.0,21.0
1074,40.0,24.0,0.0,5.0,1.0,0.0,89.0
1075,18.0,19.0,0.0,3.0,2.0,0.0,12.0
1076,39.0,15.0,0.0,4.0,2.0,0.0,9.0
1077,57.0,17.0,0.0,4.0,3.0,0.0,18.0
1078,53.0,17.0,0.0,6.0,1.0,0.0,35.0
1079,20.0,18.0,0.0,3.0,1.0,0.0,10.0
1080,79.0,18.0,0.0,4.0,3.0,2.0,24.0
1081,24.0,12.0,0.0,3.0,2.0,0.0,1.0
1082,40.0,23.0,0.0,3.0,3.0,0.0,36.0
1083,24.0,24.0,0.0,3.0,1.0,0.0,10.0
1084,54.0,20.0,0.0,4.0,1.0,0.0,58.0
1085,47.0,17.0,0.0,7.0,1.0,0.0,19.0
1086,153.0,20.0,0.0,5.0,2.0,0.0,1.0
1087,65.0,11.0,0.0,4.0,1.0,0.0,91.0
1088,43.0,13.0,0.0,5.0,2.0,0.0,23.0
1089,55.0,25.0,0.0,5.0,2.0,0.0,11.0
1090,45.0,19.0,0.0,5.0,1.0,0.0,11.0
1091,26.0,23.0,0.0,4.0,1.0,0.0,15.0
1092,25.0,21.0,0.0,2.0,2.0,0.0,1.0
1093,70.0,28.0,0.0,5.0,3.0,0.0,1.0
1094,116.0,5.0,0.0,8.0,3.0,0.0,1.0
1095,19.0,22.0,0.0,3.0,1.0,0.0,30.0
1096,176.0,19.0,0.0,7.0,3.0,0.0,21.0
1097,36.0,7.0,0.0,3.0,2.0,0.0,18.0
1098,55.0,33.0,0.0,3.0,3.0,0.0,1.0
1099,42.0,6.0,0.0,3.0,1.0,0.0,13.0
1100,41.0,18.0,0.0,6.0,1.0,0.0,30.0
1101,42.0,20.0,0.0,3.0,3.0,0.0,30.0
1102,40.0,19.0,0.0,5.0,1.0,0.0,50.0
1103,32.0,21.0,0.0,3.0,1.0,0.0,6.0
1104,78.0,16.0,0.0,5.0,1.0,0.0,29.0
1105,39.0,12.0,0.0,5.0,1.0,0.0,36.0
1106,31.0,12.0,0.0,4.0,1.0,0.0,29.0
1107,30.0,52.0,0.0,3.0,1.0,0.0,21.0
1108,21.0,19.0,0.0,3.0,1.0,0.0,6.0
1109,45.0,18.0,0.0,3.0,3.0,0.0,15.0
1110,88.0,17.0,0.0,5.0,5.0,0.0,59.0
1111,131.0,14.0,0.0,14.0,1.0,0.0,5.0
1112,43.0,27.0,0.0,4.0,3.0,0.0,18.0
1113,34.0,17.0,0.0,3.0,1.0,0.0,21.0
1114,53.0,16.0,0.0,4.0,2.0,0.0,1.0
1115,78.0,147.0,0.0,4.0,3.0,0.0,120.0
1116,21.0,21.0,0.0,3.0,1.0,0.0,1.0
1117,47.0,15.0,0.0,5.0,2.0,0.0,54.0
1118,34.0,21.0,0.0,4.0,2.0,0.0,1.0
1119,30.0,14.0,0.0,3.0,1.0,0.0,43.0
1120,45.0,19.0,0.0,5.0,2.0,0.0,15.0
1121,45.0,25.0,0.0,3.0,2.0,0.0,65.0
1122,81.0,23.0,0.0,3.0,3.0,0.0,5.0
1123,81.0,66.0,0.0,5.0,8.0,0.0,21.0
1124,45.0,20.0,0.0,7.0,2.0,0.0,11.0
1125,22.0,17.0,0.0,3.0,2.0,0.0,39.0
1126,64.0,21.0,0.0,5.0,1.0,0.0,10.0
1127,49.0,15.0,0.0,3.0,3.0,0.0,13.0
1128,58.0,30.0,0.0,4.0,2.0,0.0,44.0
1129,49.0,12.0,0.0,5.0,2.0,0.0,37.0
1130,144.0,19.0,0.0,9.0,4.0,0.0,21.0
1131,28.0,51.0,0.0,4.0,1.0,0.0,120.0
1132,54.0,24.0,0.0,4.0,3.0,0.0,14.0
1133,74.0,15.0,0.0,4.0,3.0,0.0,34.0
1134,39.0,43.0,0.0,4.0,2.0,0.0,21.0
1135,207.0,7.0,0.0,9.0,12.0,0.0,39.0
1136,84.0,25.0,0.0,6.0,4.0,0.0,10.0
1137,39.0,21.0,0.0,5.0,1.0,0.0,39.0
1138,41.0,19.0,0.0,5.0,1.0,0.0,1.0
1139,31.0,16.0,0.0,5.0,1.0,0.0,33.0
1140,116.0,42.0,0.0,4.0,3.0,0.0,21.0
1141,50.0,73.0,0.0,6.0,1.0,0.0,1.0
1142,75.0,20.0,0.0,5.0,2.0,0.0,71.0
1143,85.0,35.0,0.0,6.0,4.0,0.0,33.0
1144,51.0,8.0,0.0,2.0,2.0,0.0,12.0
1145,40.0,23.0,0.0,5.0,2.0,0.0,41.0
1146,45.0,21.0,0.0,3.0,3.0,0.0,1.0
1147,50.0,19.0,0.0,6.0,2.0,0.0,1.0
1148,95.0,24.0,0.0,4.0,2.0,0.0,43.0
1149,1153.0,22.0,0.0,3.0,1.0,0.0,23.0
1150,44.0,18.0,0.0,4.0,2.0,0.0,14.0
1151,122.0,26.0,0.0,3.0,5.0,0.0,12.0
1152,64.0,12.0,0.0,3.0,3.0,0.0,75.0
1153,20.0,68.0,0.0,3.0,1.0,0.0,1.0
1154,71.0,20.0,0.0,6.0,3.0,0.0,44.0
1155,35.0,13.0,1.0,3.0,2.0,0.0,9.0
1156,42.0,25.0,0.0,5.0,2.0,0.0,37.0
1157,61.0,12.0,0.0,5.0,1.0,0.0,0.0
1158,169.0,25.0,0.0,8.0,7.0,0.0,6.0
1159,40.0,21.0,0.0,3.0,2.0,0.0,40.0
1160,195.0,13.0,0.0,3.0,2.0,0.0,1.0
1161,105.0,30.0,0.0,5.0,8.0,0.0,30.0
1162,46.0,7.0,0.0,5.0,3.0,0.0,48.0
1163,34.0,30.0,0.0,3.0,2.0,0.0,1.0
1164,22.0,27.0,0.0,3.0,1.0,0.0,51.0
1165,64.0,20.0,0.0,4.0,2.0,0.0,11.0
1166,43.0,10.0,0.0,4.0,2.0,0.0,54.0
1167,67.0,13.0,0.0,4.0,3.0,0.0,1.0
1168,48.0,18.0,0.0,3.0,3.0,0.0,1.0
1169,32.0,19.0,0.0,4.0,2.0,0.0,13.0
1170,47.0,18.0,0.0,5.0,2.0,0.0,16.0
